sep=,
error=0.0860999
1,0,0,0
0,1,0,0
0,0,1,0
0,0,0,1
1,0,0,0
0,nan,0,0
0,0,0.367552,0
-0.00552637,0.00710449,0,0.304001
0.149548,-0.00149247,-0.0740592,9.8408e-05
0.00129375,0.0810357,-0.00425083,-0.0435612
-0.0220461,0.000437969,0.0844688,-0.00351274
-0.00141613,-0.0118853,0.00128557,0.0949157
0.0479706,-0.000266717,-0.0107244,0.00108551
0.000552581,0.0265354,-0.001323,-0.0126358
-0.0063944,0.000221951,0.0228806,-0.000993205
-0.000326237,-0.00350682,0.000499844,0.0280538
